SET search_path TO BusSystem;

-- 1. 插入公交站点数据 (BusStop)
INSERT INTO BusSystem.BusStop (stop_id, stop_name, latitude, longitude) VALUES
('S001', '中央广场站', 34.250000, 108.900000),
('S002', '科技路口站', 34.251000, 108.905000),
('S003', '大学城南站', 34.249000, 108.898000),
('S004', '创新大厦站', 34.253000, 108.902000),
('S005', '绿地公园站', 34.248000, 108.910000),
('S006', '体育中心站', 34.255000, 108.908000),
('S007', '行政中心站', 34.252000, 108.915000),
('S008', '文化宫站', 34.250000, 108.912000),
('S009', '枫叶小区站', 34.247000, 108.903000),
('S010', '阳光大道站', 34.254000, 108.895000),
('S011', '东大街口站', 34.258000, 108.900000),
('S012', '西门站', 34.256000, 108.897000),
('S013', '南郊公园站', 34.245000, 108.906000),
('S014', '北二环站', 34.260000, 108.904000),
('S015', '工业园区站', 34.257000, 108.913000),
('S016', '商业街站', 34.246000, 108.909000),
('S017', '医院门口站', 34.251000, 108.911000),
('S018', '图书馆站', 34.253000, 108.906000),
('S019', '博物馆站', 34.249000, 108.907000),
('S020', '会展中心站', 34.258000, 108.910000),
('S021', '市民广场站', 34.248500, 108.901500),
('S022', '和平路站', 34.252500, 108.904500),
('S023', '建国路站', 34.249500, 108.899500),
('S024', '凤城一路站', 34.254500, 108.902500),
('S025', '柳青苑站', 34.247500, 108.910500),
('S026', '明德门站', 34.255500, 108.908500),
('S027', '长乐路站', 34.251500, 108.914500),
('S028', '朱雀门站', 34.249500, 108.912500),
('S029', '太白南路站', 34.246500, 108.903500),
('S030', '电子城站', 34.253500, 108.895500),
('S031', '大明宫国家遗址公园站', 34.259000, 108.901000),
('S032', '汉城湖站', 34.257000, 108.898000),
('S033', '小寨站', 34.245000, 108.906500),
('S034', '钟楼站', 34.259500, 108.904500),
('S035', '高新路站', 34.256500, 108.913500),
('S036', '曲江池站', 34.246500, 108.909500),
('S037', '雁塔文化景区站', 34.251500, 108.911500),
('S038', '大雁塔北广场站', 34.253500, 108.906500),
('S039', '城墙西南角站', 34.249500, 108.907500),
('S040', '芙蓉园站', 34.258500, 108.910500),
('S041', '灞桥站', 34.261000, 108.918000),
('S042', '辛家庙站', 34.262000, 108.915000),
('S043', '浐灞生态区站', 34.263000, 108.920000),
('S044', '幸福林带站', 34.257000, 108.919000),
('S045', '纺织城站', 34.259000, 108.922000),
('S046', '半坡博物馆站', 34.255000, 108.921000),
('S047', '十里铺站', 34.260000, 108.916000),
('S048', '咸宁路站', 34.254000, 108.917000),
('S049', '胡家庙站', 34.256000, 108.918500),
('S050', '东郊热力公司站', 34.258000, 108.919500),
('S051', '纬二街站', 34.244000, 108.905000),
('S052', '吉祥村站', 34.243000, 108.907000),
('S053', '丈八北路站', 34.242000, 108.903000),
('S054', '唐延路站', 34.245000, 108.911000),
('S055', '科技八路站', 34.241000, 108.910000),
('S056', '紫薇田园都市站', 34.240000, 108.908000),
('S057', '郭杜站', 34.238000, 108.905000),
('S058', '韦曲南站', 34.236000, 108.907000),
('S059', '航天城站', 34.239000, 108.912000),
('S060', '凤栖原站', 34.237000, 108.911000),
('S061', '长安区政府站', 34.235000, 108.909000),
('S062', '大学城北站', 34.233000, 108.906000),
('S063', '子午大道站', 34.234000, 108.903000),
('S064', '神舟大道站', 34.232000, 108.908000),
('S065', '常宁宫站', 34.231000, 108.900000),
('S066', '少陵原站', 34.230000, 108.904000),
('S067', '秦岭野生动物园站', 34.229000, 108.902000),
('S068', '清凉寺站', 34.228000, 108.906000),
('S069', '五典坡站', 34.227000, 108.909000),
('S070', '引镇站', 34.226000, 108.911000),
('S071', '兴庆公园站', 34.250500, 108.914000),
('S072', '交大南门站', 34.249000, 108.915000),
('S073', '互助路立交站', 34.251000, 108.916000),
('S074', '金花路站', 34.252000, 108.917000),
('S075', '长缨路站', 34.253000, 108.918000),
('S076', '康复路站', 34.254000, 108.919000),
('S077', '朝阳门站', 34.255000, 108.916500),
('S078', '通化门站', 34.256000, 108.915500),
('S079', '万寿路站', 34.257000, 108.914500),
('S080', '长乐坡站', 34.258000, 108.913500);

-- 2. 插入沿线单位数据 (NearbyUnit)
-- 距离计算简化为欧氏距离的近似值，并转换为公里。
INSERT INTO BusSystem.NearbyUnit (unit_id, unit_name, contact_phone, latitude, longitude, nearby_stop_id, distance_to_stop) VALUES
('U001', '博文书店', '13812345678', 34.250100, 108.900100, 'S001', 0.01),
('U002', '美食城', '13987654321', 34.250900, 108.905200, 'S002', 0.02),
('U003', '大学生活动中心', '13700001111', 34.249100, 108.897900, 'S003', 0.01),
('U004', '创新工场', '13611112222', 34.253200, 108.902100, 'S004', 0.02),
('U005', '绿地广场超市', '13533334444', 34.248100, 108.910100, 'S005', 0.01),
('U006', '体育用品专卖店', '13455556666', 34.254900, 108.908200, 'S006', 0.02),
('U007', '政务服务大厅', '13377778888', 34.252100, 108.914900, 'S007', 0.01),
('U008', '文化艺术中心', '13299990000', 34.250100, 108.911900, 'S008', 0.01),
('U009', '枫叶社区医院', '13100001122', 34.246900, 108.903100, 'S009', 0.01),
('U010', '阳光购物中心', '13022223344', 34.254100, 108.895100, 'S010', 0.01),
('U011', '东大街银行', '18912345679', 34.257900, 108.900100, 'S011', 0.01),
('U012', '西门快餐店', '18823456780', 34.255900, 108.897900, 'S012', 0.01),
('U013', '南郊公园管理处', '18734567891', 34.244900, 108.906100, 'S013', 0.01),
('U014', '北二环加油站', '18645678902', 34.260100, 108.904100, 'S014', 0.01),
('U015', '工业园区管理委员会', '18556789013', 34.256900, 108.913100, 'S015', 0.01),
('U016', '商业街服装店', '18467890124', 34.245900, 108.909100, 'S016', 0.01),
('U017', '市中心医院', '18378901235', 34.251100, 108.911100, 'S017', 0.01),
('U018', '市图书馆', '18289012346', 34.252900, 108.906100, 'S018', 0.01),
('U019', '历史博物馆', '18190123457', 34.249100, 108.907100, 'S019', 0.01),
('U020', '国际会展中心', '18001234568', 34.257900, 108.910100, 'S020', 0.01),
('U021', '市民广场服务中心', '17912345679', 34.248600, 108.901600, 'S021', 0.01),
('U022', '和平路派出所', '17823456780', 34.252600, 108.904600, 'S022', 0.01),
('U023', '建国路邮局', '17734567891', 34.249600, 108.899600, 'S023', 0.01),
('U024', '凤城一路幼儿园', '17645678902', 34.254600, 108.902600, 'S024', 0.01),
('U025', '柳青苑物业', '17556789013', 34.247600, 108.910600, 'S025', 0.01),
('U026', '明德门商场', '17467890124', 34.255600, 108.908600, 'S026', 0.01),
('U027', '长乐路小学', '17378901235', 34.251600, 108.914600, 'S027', 0.01),
('U028', '朱雀门公园', '17289012346', 34.249600, 108.912600, 'S028', 0.01),
('U029', '太白南路超市', '17190123457', 34.246600, 108.903600, 'S029', 0.01),
('U030', '电子城科技园', '17001234568', 34.253600, 108.895600, 'S030', 0.01),
('U031', '大明宫管理处', '16912345679', 34.258900, 108.901100, 'S031', 0.01),
('U032', '汉城湖游船码头', '16823456780', 34.256900, 108.898100, 'S032', 0.01),
('U033', '小寨地铁站', '16734567891', 34.244900, 108.906600, 'S033', 0.01),
('U034', '钟楼百货', '16645678902', 34.259400, 108.904600, 'S034', 0.01),
('U035', '高新路咖啡店', '16556789013', 34.256400, 108.913600, 'S035', 0.01),
('U036', '曲江池遗址公园', '16467890124', 34.246400, 108.909600, 'S036', 0.01),
('U037', '雁塔博物馆', '16378901235', 34.251400, 108.911600, 'S037', 0.01),
('U038', '大雁塔景区', '16289012346', 34.253400, 108.906600, 'S038', 0.01),
('U039', '城墙景区售票处', '16190123457', 34.249400, 108.907600, 'S039', 0.01),
('U040', '芙蓉园酒店', '16001234568', 34.258400, 108.910600, 'S040', 0.01),
('U041', '灞桥区政府', '19912345678', 34.261100, 108.918100, 'S041', 0.01),
('U042', '辛家庙市场', '19823456789', 34.262100, 108.915100, 'S042', 0.01),
('U043', '浐灞生态区管理中心', '19734567890', 34.263100, 108.920100, 'S043', 0.01),
('U044', '幸福林带商业街', '19645678901', 34.257100, 108.919100, 'S044', 0.01),
('U045', '纺织城艺术区', '19556789012', 34.259100, 108.922100, 'S045', 0.01),
('U046', '半坡博物馆商店', '19467890123', 34.255100, 108.921100, 'S046', 0.01),
('U047', '十里铺社区服务中心', '19378901234', 34.260100, 108.916100, 'S047', 0.01),
('U048', '咸宁路派出所', '19289012345', 34.254100, 108.917100, 'S048', 0.01),
('U049', '胡家庙医院', '19190123456', 34.256100, 108.918600, 'S049', 0.01),
('U050', '东郊热力公司办公室', '19001234567', 34.258100, 108.919600, 'S050', 0.01),
('U051', '纬二街菜市场', '18901234567', 34.244100, 108.905100, 'S051', 0.01),
('U052', '吉祥村小学', '18812345678', 34.243100, 108.907100, 'S052', 0.01),
('U053', '丈八北路超市', '18723456789', 34.242100, 108.903100, 'S053', 0.01),
('U054', '唐延路酒店', '18634567890', 34.245100, 108.911100, 'S054', 0.01),
('U055', '科技八路研发中心', '18545678901', 34.241100, 108.910100, 'S055', 0.01),
('U056', '紫薇田园都市物业', '18456789012', 34.240100, 108.908100, 'S056', 0.01),
('U057', '郭杜汽车站', '18367890123', 34.238100, 108.905100, 'S057', 0.01),
('U058', '韦曲南地铁站', '18278901234', 34.236100, 108.907100, 'S058', 0.01),
('U059', '航天城管委会', '18189012345', 34.239100, 108.912100, 'S059', 0.01),
('U060', '凤栖原公墓', '18090123456', 34.237100, 108.911100, 'S060', 0.01),
('U061', '长安区人民医院', '17901234567', 34.235100, 108.909100, 'S061', 0.01),
('U062', '大学城北门', '17812345678', 34.233100, 108.906100, 'S062', 0.01),
('U063', '子午大道农贸市场', '17723456789', 34.234100, 108.903100, 'S063', 0.01),
('U064', '神舟大道软件园', '17634567890', 34.232100, 108.908100, 'S064', 0.01),
('U065', '常宁宫度假区', '17545678901', 34.231100, 108.900100, 'S065', 0.01),
('U066', '少陵原森林公园', '17456789012', 34.230100, 108.904100, 'S066', 0.01),
('U067', '秦岭野生动物园售票处', '17367890123', 34.229100, 108.902100, 'S067', 0.01),
('U068', '清凉寺景区', '17278901234', 34.228100, 108.906100, 'S068', 0.01),
('U069', '五典坡村委会', '17189012345', 34.227100, 108.909100, 'S069', 0.01),
('U070', '引镇中学', '17090123456', 34.226100, 108.911100, 'S070', 0.01),
('U071', '兴庆公园北门', '16901234567', 34.250600, 108.914100, 'S071', 0.01),
('U072', '西安交通大学南门', '16812345678', 34.249100, 108.915100, 'S072', 0.01),
('U073', '互助路口大厦', '16723456789', 34.251100, 108.916100, 'S073', 0.01),
('U074', '金花路百货', '16634567890', 34.252100, 108.917100, 'S074', 0.01),
('U075', '长缨路建材市场', '16545678901', 34.253100, 108.918100, 'S075', 0.01),
('U076', '康复路批发市场', '16456789012', 34.254100, 108.919100, 'S076', 0.01),
('U077', '朝阳门社区', '16367890123', 34.255100, 108.916600, 'S077', 0.01),
('U078', '通化门地铁口', '16278901234', 34.256100, 108.915600, 'S078', 0.01),
('U079', '万寿路医院', '16189012345', 34.257100, 108.914600, 'S079', 0.01),
('U080', '长乐坡村', '16000000000', 34.258100, 108.913600, 'S080', 0.01);

-- 3. 插入公交线路数据 (BusRoute)
INSERT INTO BusSystem.BusRoute (route_id, route_name, mileage, first_bus_time, last_bus_time, peak_interval, off_peak_interval, start_station, end_station) VALUES
('R001', '1路', 15.5, '06:00:00', '23:00:00', 5, 10, 'S001', 'S015'),
('R002', '2路', 12.0, '06:15:00', '22:45:00', 7, 12, 'S010', 'S007'),
('R003', '3路', 18.2, '06:05:00', '23:10:00', 6, 11, 'S020', 'S003'),
('R004', '4路', 9.8, '06:30:00', '22:30:00', 8, 15, 'S004', 'S013'),
('R005', '5路', 10.5, '06:20:00', '22:50:00', 6, 10, 'S016', 'S006'),
('R006', '6路', 14.0, '06:00:00', '23:00:00', 5, 10, 'S008', 'S018'),
('R007', '7路', 11.3, '06:10:00', '22:40:00', 7, 12, 'S002', 'S017'),
('R008', '8路', 16.7, '06:25:00', '23:15:00', 6, 11, 'S005', 'S014'),
('R009', '9路', 13.0, '06:00:00', '23:00:00', 5, 10, 'S009', 'S019'),
('R010', '10路', 10.0, '06:00:00', '23:00:00', 7, 13, 'S021', 'S030'),
('R011', '11路', 17.0, '06:05:00', '23:05:00', 6, 11, 'S031', 'S040'),
('R012', '12路', 14.5, '06:10:00', '22:55:00', 8, 14, 'S022', 'S032'),
('R013', '13路', 11.8, '06:15:00', '22:45:00', 7, 12, 'S033', 'S023'),
('R014', '14路', 19.1, '06:20:00', '23:20:00', 5, 10, 'S024', 'S034'),
('R015', '15路', 12.3, '06:25:00', '22:35:00', 9, 16, 'S035', 'S025');


-- 4. 插入线路停靠站点详情数据 (RouteStopDetail)
-- R001: S001 -> S002 -> S004 -> S006 -> S011 -> S015
INSERT INTO BusSystem.RouteStopDetail (route_id, stop_id, stop_order, distance_to_next_stop, avg_travel_time) VALUES
('R001', 'S001', 1, 0.5, 2.5),
('R001', 'S002', 2, 0.8, 3.0),
('R001', 'S004', 3, 1.2, 4.0),
('R001', 'S006', 4, 1.5, 4.5),
('R001', 'S011', 5, 1.0, 3.5),
('R001', 'S015', 6, NULL, NULL); -- 终点站

-- R002: S010 -> S009 -> S003 -> S001 -> S007
INSERT INTO BusSystem.RouteStopDetail (route_id, stop_id, stop_order, distance_to_next_stop, avg_travel_time) VALUES
('R002', 'S010', 1, 0.7, 3.0),
('R002', 'S009', 2, 0.9, 3.5),
('R002', 'S003', 3, 1.0, 4.0),
('R002', 'S001', 4, 1.1, 3.8),
('R002', 'S007', 5, NULL, NULL);

-- R003: S020 -> S017 -> S012 -> S008 -> S005 -> S003
INSERT INTO BusSystem.RouteStopDetail (route_id, stop_id, stop_order, distance_to_next_stop, avg_travel_time) VALUES
('R003', 'S020', 1, 0.6, 2.8),
('R003', 'S017', 2, 0.8, 3.2),
('R003', 'S012', 3, 1.3, 4.1),
('R003', 'S008', 4, 1.0, 3.7),
('R003', 'S005', 5, 1.4, 4.3),
('R003', 'S003', 6, NULL, NULL);

-- R004: S004 -> S018 -> S019 -> S013
INSERT INTO BusSystem.RouteStopDetail (route_id, stop_id, stop_order, distance_to_next_stop, avg_travel_time) VALUES
('R004', 'S004', 1, 0.7, 3.0),
('R004', 'S018', 2, 0.9, 3.5),
('R004', 'S019', 3, 0.5, 2.5),
('R004', 'S013', 4, NULL, NULL);

-- R005: S016 -> S017 -> S006
INSERT INTO BusSystem.RouteStopDetail (route_id, stop_id, stop_order, distance_to_next_stop, avg_travel_time) VALUES
('R005', 'S016', 1, 0.6, 2.5),
('R005', 'S017', 2, 0.8, 3.0),
('R005', 'S006', 3, NULL, NULL);

-- R006: S008 -> S007 -> S011 -> S018
INSERT INTO BusSystem.RouteStopDetail (route_id, stop_id, stop_order, distance_to_next_stop, avg_travel_time) VALUES
('R006', 'S008', 1, 0.9, 3.5),
('R006', 'S007', 2, 1.1, 4.0),
('R006', 'S011', 3, 0.7, 3.0),
('R006', 'S018', 4, NULL, NULL);

-- R007: S002 -> S001 -> S009 -> S017
INSERT INTO BusSystem.RouteStopDetail (route_id, stop_id, stop_order, distance_to_next_stop, avg_travel_time) VALUES
('R007', 'S002', 1, 0.5, 2.0),
('R007', 'S001', 2, 0.6, 2.5),
('R007', 'S009', 3, 1.0, 3.5),
('R007', 'S017', 4, NULL, NULL);

-- R008: S005 -> S008 -> S012 -> S014
INSERT INTO BusSystem.RouteStopDetail (route_id, stop_id, stop_order, distance_to_next_stop, avg_travel_time) VALUES
('R008', 'S005', 1, 0.7, 3.0),
('R008', 'S008', 2, 1.2, 4.0),
('R008', 'S012', 3, 1.5, 4.5),
('R008', 'S014', 4, NULL, NULL);

-- R009: S009 -> S003 -> S019
INSERT INTO BusSystem.RouteStopDetail (route_id, stop_id, stop_order, distance_to_next_stop, avg_travel_time) VALUES
('R009', 'S009', 1, 0.8, 3.0),
('R009', 'S003', 2, 0.9, 3.5),
('R009', 'S019', 3, NULL, NULL);

-- R010: S021 -> S022 -> S023 -> S024 -> S025 -> S030
INSERT INTO BusSystem.RouteStopDetail (route_id, stop_id, stop_order, distance_to_next_stop, avg_travel_time) VALUES
('R010', 'S021', 1, 0.5, 2.5),
('R010', 'S022', 2, 0.7, 3.0),
('R010', 'S023', 3, 0.6, 2.8),
('R010', 'S024', 4, 0.8, 3.2),
('R010', 'S025', 5, 1.0, 3.5),
('R010', 'S030', 6, NULL, NULL);

-- R011: S031 -> S032 -> S033 -> S034 -> S035 -> S040
INSERT INTO BusSystem.RouteStopDetail (route_id, stop_id, stop_order, distance_to_next_stop, avg_travel_time) VALUES
('R011', 'S031', 1, 0.9, 3.5),
('R011', 'S032', 2, 0.8, 3.2),
('R011', 'S033', 3, 1.1, 4.0),
('R011', 'S034', 4, 1.0, 3.8),
('R011', 'S035', 5, 1.2, 4.2),
('R011', 'S040', 6, NULL, NULL);

-- R012: S022 -> S026 -> S027 -> S028 -> S032
INSERT INTO BusSystem.RouteStopDetail (route_id, stop_id, stop_order, distance_to_next_stop, avg_travel_time) VALUES
('R012', 'S022', 1, 0.7, 3.0),
('R012', 'S026', 2, 0.9, 3.5),
('R012', 'S027', 3, 1.1, 4.0),
('R012', 'S028', 4, 1.0, 3.8),
('R012', 'S032', 5, NULL, NULL);

-- R013: S033 -> S029 -> S023
INSERT INTO BusSystem.RouteStopDetail (route_id, stop_id, stop_order, distance_to_next_stop, avg_travel_time) VALUES
('R013', 'S033', 1, 0.6, 2.8),
('R013', 'S029', 2, 0.8, 3.2),
('R013', 'S023', 3, NULL, NULL);

-- R014: S024 -> S021 -> S034
INSERT INTO BusSystem.RouteStopDetail (route_id, stop_id, stop_order, distance_to_next_stop, avg_travel_time) VALUES
('R014', 'S024', 1, 0.5, 2.5),
('R014', 'S021', 2, 1.3, 4.1),
('R014', 'S034', 3, NULL, NULL);

-- R015: S035 -> S036 -> S037 -> S038 -> S039 -> S025
INSERT INTO BusSystem.RouteStopDetail (route_id, stop_id, stop_order, distance_to_next_stop, avg_travel_time) VALUES
('R015', 'S035', 1, 0.7, 3.0),
('R015', 'S036', 2, 0.9, 3.5),
('R015', 'S037', 3, 0.6, 2.8),
('R015', 'S038', 4, 0.8, 3.2),
('R015', 'S039', 5, 1.0, 3.5),
('R015', 'S025', 6, NULL, NULL);

-- 补充部分站点，确保其被多条线路经过
-- S001: R001, R002, R007
-- S003: R002, R003, R009
-- S004: R001, R004
-- S006: R001, R005
-- S007: R002, R006
-- S008: R003, R006, R008
-- S009: R002, R007, R009
-- S011: R001, R006
-- S012: R003, R008
-- S017: R003, R005, R007
-- S018: R004, R006
-- S019: R004, R009
-- S021: R010, R014
-- S022: R010, R012
-- S023: R010, R013
-- S024: R010, R014
-- S025: R010, R015
-- S030: R010
-- S031: R011
-- S032: R011, R012
-- S033: R011, R013
-- S034: R011, R014
-- S035: R011, R015
-- S040: R011
-- ... 更多站点将通过类似方式被多条线路经过
